fold,frame_auc,frame_f1_score,frame_fn,frame_fp,frame_precision,frame_tn,frame_tp,loss,utt_auc,utt_f1_score,utt_fn,utt_fp,utt_precision,utt_tn,utt_tp
1,0.49932414293289185,0.0,275.0,705.0,0.0,1042420.0,0.0,0.07668949663639069,0.8247497081756592,0.016877636313438416,6.0,0.0,0.0,699.0,0.0
2,0.49932408332824707,0.0,395.0,705.0,0.0,1042300.0,0.0,0.10966876894235611,0.6755780577659607,0.03621169179677963,13.0,0.0,0.0,692.0,0.0
3,0.500730574131012,0.0013764125760644674,747.0,704.0,0.0014184396713972092,1041948.0,1.0,0.13898569345474243,0.6678261160850525,0.0416666604578495,15.0,0.0,0.0,690.0,0.0
4,0.5014992952346802,0.0017181653529405594,459.0,703.0,0.0014204545877873898,1040757.0,1.0,0.11598227173089981,0.673995316028595,0.03626219928264618,13.0,0.0,0.0,691.0,0.0
average,0.5002195239067078,0.0007736444822512567,469.0,704.25,0.0007097235647961497,1041856.25,0.5,0.11033155769109726,0.7105372995138168,0.03275454696267843,11.75,0.0,0.0,693.0,0.0
